,date,cc_data,,dates,0
ca_258,01/11/2020,22,,01/11/2020,29.26410521
ca_258,02/11/2020,36,,02/11/2020,32.69833386
ca_258,03/11/2020,34,,03/11/2020,36.12032372
ca_258,04/11/2020,36,,04/11/2020,39.53272009
ca_258,05/11/2020,50,,05/11/2020,42.93777403
ca_258,06/11/2020,48,,06/11/2020,46.33732977
ca_258,07/11/2020,41,,07/11/2020,49.73120577
ca_258,08/11/2020,39,,08/11/2020,53.0339752
ca_258,09/11/2020,80,,09/11/2020,56.14515709
ca_258,10/11/2020,58,,10/11/2020,59.11585612
ca_258,11/11/2020,61,,11/11/2020,62.06143651
ca_258,12/11/2020,67,,12/11/2020,65.08817215
ca_258,13/11/2020,73,,13/11/2020,68.26137079
ca_258,14/11/2020,50,,14/11/2020,71.60317816
ca_258,15/11/2020,71,,15/11/2020,75.10673459
ca_258,16/11/2020,116,,16/11/2020,78.75151665
ca_258,17/11/2020,98,,17/11/2020,82.51374966
ca_258,18/11/2020,90,,18/11/2020,86.37248194
ca_258,19/11/2020,103,,19/11/2020,90.34485332
ca_258,20/11/2020,103,,20/11/2020,94.53999191
ca_258,21/11/2020,76,,21/11/2020,99.0057982
ca_258,22/11/2020,68,,22/11/2020,103.7224574
ca_258,23/11/2020,153,,23/11/2020,108.6370635
ca_258,24/11/2020,117,,24/11/2020,113.6904457
ca_258,25/11/2020,93,,25/11/2020,118.8300541
ca_258,26/11/2020,51,,26/11/2020,124.0160854
ca_258,27/11/2020,94,,27/11/2020,129.2198075
ca_258,28/11/2020,113,,28/11/2020,134.4150565
ca_258,29/11/2020,87,,29/11/2020,139.5683427
ca_258,30/11/2020,214,,30/11/2020,144.7371855
ca_258,01/12/2020,195,,01/12/2020,150.1800793
ca_258,02/12/2020,191,,02/12/2020,155.7962992
ca_258,03/12/2020,210,,03/12/2020,161.2291294
ca_258,04/12/2020,170,,04/12/2020,166.14674
ca_258,05/12/2020,121,,05/12/2020,170.4026085
ca_258,06/12/2020,135,,06/12/2020,173.8997468
ca_258,07/12/2020,225,,07/12/2020,176.6650924
ca_258,08/12/2020,233,,08/12/2020,178.8474106
ca_258,09/12/2020,206,,09/12/2020,180.648469
ca_258,10/12/2020,199,,10/12/2020,182.2142661
ca_258,11/12/2020,187,,11/12/2020,183.3461812
ca_258,12/12/2020,101,,12/12/2020,183.4058528
ca_258,13/12/2020,117,,13/12/2020,182.2329376
ca_258,14/12/2020,211,,14/12/2020,180.0799942
ca_258,15/12/2020,217,,15/12/2020,177.3969887
ca_258,16/12/2020,210,,16/12/2020,174.6986946
ca_258,17/12/2020,195,,17/12/2020,172.4889796
ca_258,18/12/2020,176,,18/12/2020,171.19654
ca_258,19/12/2020,126,,19/12/2020,171.1222408
ca_258,20/12/2020,140,,20/12/2020,172.3594144
ca_258,21/12/2020,214,,21/12/2020,174.6781438
ca_258,22/12/2020,189,,22/12/2020,177.5923882
ca_258,23/12/2020,176,,23/12/2020,181.1845154
ca_258,24/12/2020,138,,24/12/2020,185.7430228
ca_258,25/12/2020,91,,25/12/2020,191.4707055
ca_258,26/12/2020,123,,26/12/2020,198.4281048
ca_258,27/12/2020,116,,27/12/2020,206.4991943
ca_258,28/12/2020,249,,28/12/2020,215.3631596
ca_258,29/12/2020,214,,29/12/2020,224.5119493
ca_258,30/12/2020,195,,30/12/2020,233.3508717
ca_258,31/12/2020,210,,31/12/2020,241.3642399
ca_258,01/01/2021,288,,01/01/2021,248.3912134
ca_258,02/01/2021,235,,02/01/2021,255.0855889
ca_258,03/01/2021,300,,03/01/2021,263.4702308
ca_258,04/01/2021,589,,04/01/2021,274.5393921
ca_258,05/01/2021,497,,05/01/2021,287.6319211
ca_258,06/01/2021,529,,06/01/2021,301.3472191
ca_258,07/01/2021,555,,07/01/2021,314.1815946
ca_258,08/01/2021,388,,08/01/2021,324.904799
ca_258,09/01/2021,315,,09/01/2021,332.798572
ca_258,10/01/2021,248,,10/01/2021,337.654906
ca_258,11/01/2021,537,,11/01/2021,339.6958836
ca_258,12/01/2021,397,,12/01/2021,339.4742184
ca_258,13/01/2021,408,,13/01/2021,337.6980888
ca_258,14/01/2021,357,,14/01/2021,334.548866
ca_258,15/01/2021,281,,15/01/2021,329.3842676
ca_258,16/01/2021,245,,16/01/2021,321.7399246
ca_258,17/01/2021,201,,17/01/2021,311.4852368
ca_258,18/01/2021,311,,18/01/2021,298.8311417
ca_258,19/01/2021,318,,19/01/2021,284.3355138
ca_258,20/01/2021,315,,20/01/2021,268.910186
ca_258,21/01/2021,236,,21/01/2021,253.7066495
ca_258,22/01/2021,254,,22/01/2021,239.9080086
ca_258,23/01/2021,173,,23/01/2021,228.3492974
ca_258,24/01/2021,137,,24/01/2021,218.8918281
ca_258,25/01/2021,276,,25/01/2021,210.1378417
ca_258,26/01/2021,216,,26/01/2021,201.6085683
ca_258,27/01/2021,153,,27/01/2021,193.4727446
ca_258,28/01/2021,194,,28/01/2021,185.9837834
ca_258,29/01/2021,187,,29/01/2021,179.3366622
ca_258,30/01/2021,115,,30/01/2021,173.578273
ca_258,31/01/2021,113,,31/01/2021,168.5521092
ca_258,01/02/2021,263,,01/02/2021,163.9275472
ca_258,02/02/2021,222,,02/02/2021,159.2943051
ca_258,03/02/2021,193,,03/02/2021,154.3097421
ca_258,04/02/2021,162,,04/02/2021,148.9297012
ca_258,05/02/2021,117,,05/02/2021,143.4592627
ca_258,06/02/2021,137,,06/02/2021,137.8242381
ca_258,07/02/2021,87,,07/02/2021,132.066886
ca_258,08/02/2021,171,,08/02/2021,126.3957219
ca_258,09/02/2021,152,,09/02/2021,121.0459124
ca_258,10/02/2021,151,,10/02/2021,116.1888417
ca_258,11/02/2021,101,,11/02/2021,111.8709783
ca_258,12/02/2021,114,,12/02/2021,108.0049018
ca_258,13/02/2021,79,,13/02/2021,104.4188364
ca_258,14/02/2021,59,,14/02/2021,100.9299438
ca_258,15/02/2021,95,,15/02/2021,97.45778103
ca_258,16/02/2021,114,,16/02/2021,94.04814556
ca_258,17/02/2021,102,,17/02/2021,90.59486372
ca_258,18/02/2021,105,,18/02/2021,87.17131983
ca_258,19/02/2021,92,,19/02/2021,83.98731967
ca_258,20/02/2021,56,,20/02/2021,81.25987491
ca_258,21/02/2021,43,,21/02/2021,79.13043779
ca_258,22/02/2021,81,,22/02/2021,77.61020714
ca_258,23/02/2021,83,,23/02/2021,76.56585814
ca_258,24/02/2021,70,,24/02/2021,75.77014922
ca_258,25/02/2021,73,,25/02/2021,74.98836985
ca_258,26/02/2021,81,,26/02/2021,74.1174838
ca_258,27/02/2021,57,,27/02/2021,73.31994628
ca_258,28/02/2021,73,,28/02/2021,72.75490691
ca_258,01/03/2021,85,,01/03/2021,72.50304842
ca_258,02/03/2021,64,,02/03/2021,72.60726931
ca_258,03/03/2021,98,,03/03/2021,73.06652274
ca_258,04/03/2021,78,,04/03/2021,73.83126964
ca_258,05/03/2021,85,,05/03/2021,74.79615566
ca_258,06/03/2021,47,,06/03/2021,75.80176301
ca_258,07/03/2021,68,,07/03/2021,76.66430025
ca_258,08/03/2021,121,,08/03/2021,77.22459066
ca_258,09/03/2021,70,,09/03/2021,77.43039569
ca_258,10/03/2021,86,,10/03/2021,77.44021186
ca_258,11/03/2021,79,,11/03/2021,77.42178629
ca_258,12/03/2021,71,,12/03/2021,77.37655031
ca_258,13/03/2021,70,,13/03/2021,77.28374344
ca_258,14/03/2021,39,,14/03/2021,77.12158445
ca_258,15/03/2021,107,,15/03/2021,76.87720351
ca_258,16/03/2021,80,,16/03/2021,76.55310116
ca_258,17/03/2021,83,,17/03/2021,76.17096236
ca_258,18/03/2021,83,,18/03/2021,75.7664304
ca_258,19/03/2021,61,,19/03/2021,75.37951348
ca_258,20/03/2021,57,,20/03/2021,75.03854946
ca_258,21/03/2021,64,,21/03/2021,74.73554717
ca_258,22/03/2021,84,,22/03/2021,74.44518498
ca_258,23/03/2021,74,,23/03/2021,74.1828888
ca_258,24/03/2021,104,,24/03/2021,73.93855734
ca_258,25/03/2021,70,,25/03/2021,73.68523011
ca_258,26/03/2021,67,,26/03/2021,73.3946025
ca_258,27/03/2021,68,,27/03/2021,73.04648996
ca_258,28/03/2021,59,,28/03/2021,72.63420697
ca_258,29/03/2021,90,,29/03/2021,72.16393329
ca_258,30/03/2021,90,,30/03/2021,71.65060451
ca_258,31/03/2021,75,,31/03/2021,71.11187282
ca_258,01/04/2021,76,,01/04/2021,70.55864586
ca_258,02/04/2021,40,,02/04/2021,69.9714049
ca_258,03/04/2021,65,,03/04/2021,69.29623827
ca_258,04/04/2021,35,,04/04/2021,68.52043087
ca_258,05/04/2021,104,,05/04/2021,67.6663934
ca_258,06/04/2021,85,,06/04/2021,66.77300988
ca_258,07/04/2021,53,,07/04/2021,65.88355094
ca_258,08/04/2021,68,,08/04/2021,65.03831994
ca_258,09/04/2021,82,,09/04/2021,64.26970686
ca_258,10/04/2021,53,,10/04/2021,63.5991705
ca_258,11/04/2021,23,,11/04/2021,63.03201641
ca_258,12/04/2021,80,,12/04/2021,62.5490171
ca_258,13/04/2021,75,,13/04/2021,62.11612536
ca_258,14/04/2021,74,,14/04/2021,61.74838395
ca_258,15/04/2021,54,,15/04/2021,61.4635266
ca_258,16/04/2021,60,,16/04/2021,61.265082
ca_258,17/04/2021,50,,17/04/2021,61.14391497
ca_258,18/04/2021,42,,18/04/2021,61.0790139
ca_258,19/04/2021,75,,19/04/2021,61.03744915
ca_258,20/04/2021,63,,20/04/2021,60.97821123
ca_258,21/04/2021,66,,21/04/2021,60.86079645
ca_258,22/04/2021,53,,22/04/2021,60.65870688
ca_258,23/04/2021,72,,23/04/2021,60.38024591
ca_258,24/04/2021,41,,24/04/2021,60.10380803
ca_258,25/04/2021,41,,25/04/2021,59.9329986
ca_258,26/04/2021,98,,26/04/2021,59.8673532
ca_258,27/04/2021,66,,27/04/2021,59.83998949
ca_258,28/04/2021,67,,28/04/2021,59.76500039
ca_258,29/04/2021,48,,29/04/2021,59.56731548
ca_258,30/04/2021,63,,30/04/2021,59.2014265
ca_258,01/05/2021,52,,01/05/2021,58.66026513
ca_258,02/05/2021,43,,02/05/2021,57.96736594
ca_258,03/05/2021,76,,03/05/2021,57.1641902
ca_258,04/05/2021,47,,04/05/2021,56.28954451
ca_258,05/05/2021,47,,05/05/2021,55.35448336
ca_258,06/05/2021,49,,06/05/2021,54.35307173
ca_258,07/05/2021,59,,07/05/2021,53.25608612
ca_258,08/05/2021,51,,08/05/2021,52.0241839
ca_258,09/05/2021,40,,09/05/2021,50.62791524
ca_258,10/05/2021,78,,10/05/2021,49.06047025
ca_258,11/05/2021,58,,11/05/2021,47.3468932
ca_258,12/05/2021,55,,12/05/2021,45.54727547
ca_258,13/05/2021,48,,13/05/2021,43.74374744
ca_258,14/05/2021,36,,14/05/2021,42.01761941
ca_258,15/05/2021,38,,15/05/2021,40.41052738
ca_258,16/05/2021,32,,16/05/2021,38.86709284
ca_258,17/05/2021,43,,17/05/2021,37.23072961
ca_258,18/05/2021,35,,18/05/2021,35.42776487
ca_258,19/05/2021,34,,19/05/2021,33.49770042
ca_258,20/05/2021,10,,20/05/2021,31.53065728
ca_258,21/05/2021,21,,21/05/2021,29.62338915
ca_258,22/05/2021,28,,22/05/2021,27.85364984
ca_258,23/05/2021,21,,23/05/2021,26.2657159
ca_258,24/05/2021,31,,24/05/2021,24.87155213
ca_258,25/05/2021,23,,25/05/2021,23.65724323
ca_258,26/05/2021,39,,26/05/2021,22.590194
ca_258,27/05/2021,26,,27/05/2021,21.63031843
ca_258,28/05/2021,18,,28/05/2021,20.72148781
ca_258,29/05/2021,7,,29/05/2021,19.81884254
ca_258,30/05/2021,19,,30/05/2021,18.97841808
ca_258,31/05/2021,14,,31/05/2021,18.29853813
ca_258,01/06/2021,28,,01/06/2021,17.86446641
ca_258,02/06/2021,21,,02/06/2021,17.71414138
ca_258,03/06/2021,18,,03/06/2021,17.81771817
ca_258,04/06/2021,12,,04/06/2021,18.08799706
ca_258,05/06/2021,12,,05/06/2021,18.40867906
ca_258,06/06/2021,8,,06/06/2021,18.6773068
ca_258,07/06/2021,37,,07/06/2021,18.87247998
ca_258,08/06/2021,14,,08/06/2021,19.123745
ca_258,09/06/2021,32,,09/06/2021,19.57354081
ca_258,10/06/2021,15,,10/06/2021,20.26028584
ca_258,11/06/2021,10,,11/06/2021,21.15260216
ca_258,12/06/2021,22,,12/06/2021,22.18032642
ca_258,13/06/2021,19,,13/06/2021,23.25485214
ca_258,14/06/2021,30,,14/06/2021,24.28196111
ca_258,15/06/2021,15,,15/06/2021,25.17421238
ca_258,16/06/2021,28,,16/06/2021,25.86272062
ca_258,17/06/2021,37,,17/06/2021,26.31659042
ca_258,18/06/2021,32,,18/06/2021,26.57361445
ca_258,19/06/2021,13,,19/06/2021,26.67314876
ca_258,20/06/2021,35,,20/06/2021,26.42384728
ca_258,21/06/2021,41,,21/06/2021,25.77693127
ca_258,22/06/2021,26,,22/06/2021,24.83542675
ca_258,23/06/2021,17,,23/06/2021,23.76883899
ca_258,24/06/2021,32,,24/06/2021,22.75854795
ca_258,25/06/2021,36,,25/06/2021,21.96252983
ca_258,26/06/2021,17,,26/06/2021,21.49257531
ca_258,27/06/2021,15,,27/06/2021,21.40872228
ca_258,28/06/2021,49,,28/06/2021,21.70871357
ca_258,29/06/2021,17,,29/06/2021,22.31269866
ca_258,30/06/2021,22,,30/06/2021,22.9969264
ca_258,01/07/2021,15,,01/07/2021,23.47156263
ca_258,02/07/2021,15,,02/07/2021,23.79008027
ca_258,03/07/2021,16,,03/07/2021,24.21482781
ca_258,04/07/2021,15,,04/07/2021,25.04584058
ca_258,05/07/2021,15,,05/07/2021,26.5131857
ca_258,06/07/2021,27,,06/07/2021,28.70873843
ca_258,07/07/2021,40,,07/07/2021,31.55854153
ca_258,08/07/2021,31,,08/07/2021,34.86723323
ca_258,09/07/2021,29,,09/07/2021,38.39486819
ca_258,10/07/2021,25,,10/07/2021,41.98320146
ca_258,11/07/2021,39,,11/07/2021,45.67722648
ca_258,12/07/2021,62,,12/07/2021,49.42031014
ca_258,13/07/2021,63,,13/07/2021,53.26534106
ca_258,14/07/2021,74,,14/07/2021,57.43256535
ca_258,15/07/2021,72,,15/07/2021,62.15812921
ca_258,16/07/2021,62,,16/07/2021,67.59642064
ca_258,17/07/2021,49,,17/07/2021,73.75810179
ca_258,18/07/2021,89,,18/07/2021,80.48152011
ca_258,19/07/2021,109,,19/07/2021,87.48368806
ca_258,20/07/2021,105,,20/07/2021,94.44796941
ca_258,21/07/2021,127,,21/07/2021,101.1690482
ca_258,22/07/2021,100,,22/07/2021,107.7604298
ca_258,23/07/2021,123,,23/07/2021,114.4683684
ca_258,24/07/2021,69,,24/07/2021,121.3679915
ca_258,25/07/2021,67,,25/07/2021,128.5706892
ca_258,26/07/2021,172,,26/07/2021,136.1764583
ca_258,27/07/2021,141,,27/07/2021,144.2311013
ca_258,28/07/2021,158,,28/07/2021,152.7010456
ca_258,29/07/2021,192,,29/07/2021,161.4625613
ca_258,30/07/2021,197,,30/07/2021,170.3284761
ca_258,31/07/2021,154,,31/07/2021,179.0932357
ca_258,01/08/2021,149,,01/08/2021,187.6080138
ca_258,02/08/2021,227,,02/08/2021,195.8996951
ca_258,03/08/2021,218,,03/08/2021,204.5309665
ca_258,04/08/2021,204,,04/08/2021,214.4353819
ca_258,05/08/2021,225,,05/08/2021,225.6370638
ca_258,06/08/2021,190,,06/08/2021,237.5403119
ca_258,07/08/2021,117,,07/08/2021,249.3476447
ca_258,08/08/2021,140,,08/08/2021,260.3299239
ca_258,09/08/2021,308,,09/08/2021,269.9975636
ca_258,10/08/2021,277,,10/08/2021,278.1421857
ca_258,11/08/2021,272,,11/08/2021,284.7933125
ca_258,12/08/2021,283,,12/08/2021,290.1688866
ca_258,13/08/2021,276,,13/08/2021,294.605564
ca_258,14/08/2021,199,,14/08/2021,298.5536099
ca_258,15/08/2021,157,,15/08/2021,302.4163581
ca_258,16/08/2021,319,,16/08/2021,305.9027959
ca_258,17/08/2021,331,,17/08/2021,308.3737619
ca_258,18/08/2021,357,,18/08/2021,309.2294333
ca_258,19/08/2021,305,,19/08/2021,308.156579
ca_258,20/08/2021,320,,20/08/2021,305.2879984
ca_258,21/08/2021,174,,21/08/2021,301.1815431
ca_258,22/08/2021,167,,22/08/2021,296.6289735
ca_258,23/08/2021,334,,23/08/2021,292.3571525
ca_258,24/08/2021,262,,24/08/2021,288.5596258
ca_258,25/08/2021,304,,25/08/2021,284.483909
ca_258,26/08/2021,250,,26/08/2021,279.4417943
ca_258,27/08/2021,249,,27/08/2021,273.2219494
ca_258,28/08/2021,218,,28/08/2021,265.8928455
ca_258,29/08/2021,135,,29/08/2021,257.7061486
ca_258,30/08/2021,277,,30/08/2021,249.039238
ca_258,31/08/2021,289,,31/08/2021,240.3670759
ca_258,01/09/2021,275,,01/09/2021,232.2067251
ca_258,02/09/2021,218,,02/09/2021,225.0216265
ca_258,03/09/2021,220,,03/09/2021,219.0727933
ca_258,04/09/2021,151,,04/09/2021,214.1942046
ca_258,05/09/2021,142,,05/09/2021,209.8053413
ca_258,06/09/2021,126,,06/09/2021,205.9178414
ca_258,07/09/2021,261,,07/09/2021,202.6876438
ca_258,08/09/2021,211,,08/09/2021,200.1748963
ca_258,09/09/2021,219,,09/09/2021,198.3454363
ca_258,10/09/2021,234,,10/09/2021,197.0695708
ca_258,11/09/2021,162,,11/09/2021,196.113753
ca_258,12/09/2021,132,,12/09/2021,195.1554023
ca_258,13/09/2021,270,,13/09/2021,193.843957
ca_258,14/09/2021,223,,14/09/2021,191.9019783
ca_258,15/09/2021,200,,15/09/2021,189.2903307
ca_258,16/09/2021,190,,16/09/2021,186.3637734
ca_258,17/09/2021,209,,17/09/2021,183.2851322
ca_258,18/09/2021,118,,18/09/2021,180.0051332
ca_258,19/09/2021,147,,19/09/2021,176.5353064
ca_258,20/09/2021,201,,20/09/2021,172.922476
ca_258,21/09/2021,195,,21/09/2021,169.228864
ca_258,22/09/2021,163,,22/09/2021,165.5215338
ca_258,23/09/2021,165,,23/09/2021,161.8657565
ca_258,24/09/2021,159,,24/09/2021,158.3221859
ca_258,25/09/2021,113,,25/09/2021,154.9382141
ca_258,26/09/2021,104,,26/09/2021,151.7287147
ca_258,27/09/2021,230,,27/09/2021,148.6430406
ca_258,28/09/2021,154,,28/09/2021,145.4427293
ca_258,29/09/2021,165,,29/09/2021,141.9417376
ca_258,30/09/2021,127,,30/09/2021,138.2472934
ca_258,01/10/2021,162,,01/10/2021,134.6001227
ca_258,02/10/2021,82,,02/10/2021,131.2473389
ca_258,03/10/2021,73,,03/10/2021,128.3656789
ca_258,04/10/2021,156,,04/10/2021,126.0159401
ca_258,05/10/2021,141,,05/10/2021,124.152549
ca_258,06/10/2021,134,,06/10/2021,122.6579678
ca_258,07/10/2021,128,,07/10/2021,121.3911659
ca_258,08/10/2021,148,,08/10/2021,120.263269
ca_258,09/10/2021,72,,09/10/2021,119.359961
ca_258,10/10/2021,77,,10/10/2021,118.9171617
ca_258,11/10/2021,136,,11/10/2021,119.0543452
ca_258,12/10/2021,133,,12/10/2021,119.7610061
ca_258,13/10/2021,129,,13/10/2021,120.9313327
ca_258,14/10/2021,134,,14/10/2021,122.3900324
ca_258,15/10/2021,114,,15/10/2021,123.9117438
ca_258,16/10/2021,79,,16/10/2021,125.2528852
ca_258,17/10/2021,89,,17/10/2021,126.1918515
ca_258,18/10/2021,194,,18/10/2021,126.5964188
ca_258,19/10/2021,123,,19/10/2021,126.5319345
ca_258,20/10/2021,108,,20/10/2021,126.3363738
ca_258,21/10/2021,159,,21/10/2021,126.2291353
ca_258,22/10/2021,155,,22/10/2021,126.1691393
ca_258,23/10/2021,104,,23/10/2021,126.00302
ca_258,24/10/2021,68,,24/10/2021,125.5637201
ca_258,25/10/2021,136,,25/10/2021,124.7332992
ca_258,26/10/2021,183,,26/10/2021,123.4826534
ca_258,27/10/2021,161,,27/10/2021,121.8764023
ca_258,28/10/2021,132,,28/10/2021,120.0417211
ca_258,29/10/2021,143,,29/10/2021,118.1173207
ca_258,30/10/2021,79,,30/10/2021,116.1722685
ca_258,31/10/2021,62,,31/10/2021,114.1047482
ca_258,01/11/2021,113,,01/11/2021,111.7447153
ca_258,02/11/2021,117,,02/11/2021,109.0228742
ca_258,03/11/2021,143,,03/11/2021,105.9539932
ca_258,04/11/2021,85,,04/11/2021,102.6101103
ca_258,05/11/2021,100,,05/11/2021,99.10462563
ca_258,06/11/2021,46,,06/11/2021,95.58431249
ca_258,07/11/2021,65,,07/11/2021,92.2115431
ca_258,08/11/2021,107,,08/11/2021,89.13309933
ca_258,09/11/2021,122,,09/11/2021,86.43238583
ca_258,10/11/2021,98,,10/11/2021,84.05795518
ca_258,11/11/2021,78,,11/11/2021,81.75299095
ca_258,12/11/2021,70,,12/11/2021,79.27594745
ca_258,13/11/2021,56,,13/11/2021,76.6474052
ca_258,14/11/2021,75,,14/11/2021,74.03452112
ca_258,15/11/2021,100,,15/11/2021,71.63703707
ca_258,16/11/2021,65,,16/11/2021,69.6160996
ca_258,17/11/2021,85,,17/11/2021,68.05035846
ca_258,18/11/2021,74,,18/11/2021,66.91510343
ca_258,19/11/2021,50,,19/11/2021,66.10689467
ca_258,20/11/2021,49,,20/11/2021,65.48539677
ca_258,21/11/2021,50,,21/11/2021,64.94203964
ca_258,22/11/2021,82,,22/11/2021,64.4956802
ca_258,23/11/2021,63,,23/11/2021,64.25255171
ca_258,24/11/2021,57,,24/11/2021,64.30095266
ca_258,25/11/2021,41,,25/11/2021,64.70356308
ca_258,26/11/2021,75,,26/11/2021,65.48179643
ca_258,27/11/2021,66,,27/11/2021,66.60674597
ca_258,28/11/2021,62,,28/11/2021,67.99095027
ca_258,29/11/2021,79,,29/11/2021,69.48621937
ca_258,30/11/2021,74,,30/11/2021,70.90899835
ca_258,01/12/2021,89,,01/12/2021,72.08314142
ca_258,02/12/2021,66,,02/12/2021,72.91440198
ca_258,03/12/2021,83,,03/12/2021,73.49529685
ca_258,04/12/2021,43,,04/12/2021,73.66220003
ca_258,05/12/2021,72,,05/12/2021,72.94237701
ca_258,06/12/2021,109,,06/12/2021,71.45842248
ca_258,07/12/2021,90,,07/12/2021,69.66986032
ca_258,08/12/2021,75,,08/12/2021,68.11011023
ca_258,09/12/2021,89,,09/12/2021,67.22603101
ca_258,10/12/2021,66,,10/12/2021,67.28125291
ca_258,11/12/2021,56,,11/12/2021,68.35421581
ca_258,12/12/2021,38,,12/12/2021,70.37805871
ca_258,13/12/2021,82,,13/12/2021,73.18366135
ca_258,14/12/2021,109,,14/12/2021,76.56155419
ca_258,15/12/2021,82,,15/12/2021,79.94598175
ca_258,16/12/2021,91,,16/12/2021,82.18809968
ca_258,17/12/2021,59,,17/12/2021,83.69356206
ca_258,18/12/2021,46,,18/12/2021,85.84926246
ca_258,19/12/2021,54,,19/12/2021,90.1398666
ca_258,20/12/2021,126,,20/12/2021,97.59789999
ca_258,21/12/2021,106,,21/12/2021,108.4993068
ca_258,22/12/2021,140,,22/12/2021,122.3992819
ca_258,23/12/2021,129,,23/12/2021,138.3912503
ca_258,24/12/2021,123,,24/12/2021,155.483517
ca_258,25/12/2021,130,,25/12/2021,173.1749849
ca_258,26/12/2021,224,,26/12/2021,192.5583844
ca_258,27/12/2021,371,,27/12/2021,216.1354754
ca_258,28/12/2021,410,,28/12/2021,244.7637897
ca_258,29/12/2021,419,,29/12/2021,277.8274702
ca_258,30/12/2021,482,,30/12/2021,313.8658888
ca_258,31/12/2021,336,,31/12/2021,350.9746495
ca_258,01/01/2022,167,,01/01/2022,387.0476465
ca_258,02/01/2022,224,,02/01/2022,420.073665
ca_258,03/01/2022,402,,03/01/2022,448.460772
ca_258,04/01/2022,492,,04/01/2022,471.5128555
ca_258,05/01/2022,540,,05/01/2022,490.148166
ca_258,06/01/2022,484,,06/01/2022,507.6203256
ca_258,07/01/2022,582,,07/01/2022,526.7611638
ca_258,08/01/2022,262,,08/01/2022,547.1655406
ca_258,09/01/2022,336,,09/01/2022,566.7074478
ca_258,10/01/2022,650,,10/01/2022,582.9489636
ca_258,11/01/2022,714,,11/01/2022,594.0475795
ca_258,12/01/2022,714,,12/01/2022,599.3604063
ca_258,13/01/2022,631,,13/01/2022,599.6478722
ca_258,14/01/2022,586,,14/01/2022,596.6341205
ca_258,15/01/2022,341,,15/01/2022,592.2819318
ca_258,16/01/2022,295,,16/01/2022,587.6356105
ca_258,17/01/2022,519,,17/01/2022,581.7752882
ca_258,18/01/2022,801,,18/01/2022,573.7883562
ca_258,19/01/2022,716,,19/01/2022,562.8563727
ca_258,20/01/2022,617,,20/01/2022,548.2143956
ca_258,21/01/2022,571,,21/01/2022,529.4568283
ca_258,22/01/2022,281,,22/01/2022,506.7366219
ca_258,23/01/2022,275,,23/01/2022,480.930757
ca_258,24/01/2022,483,,24/01/2022,453.6659423
ca_258,25/01/2022,502,,25/01/2022,426.9957211
ca_258,26/01/2022,427,,26/01/2022,402.8231021
ca_258,27/01/2022,360,,27/01/2022,381.9196694
ca_258,28/01/2022,274,,28/01/2022,362.6432445
ca_258,29/01/2022,130,,29/01/2022,342.635874
ca_258,30/01/2022,138,,30/01/2022,321.3717028
ca_258,31/01/2022,385,,31/01/2022,299.2295105
ca_258,01/02/2022,313,,01/02/2022,276.9570963
ca_258,02/02/2022,230,,02/02/2022,255.3302742
ca_258,03/02/2022,251,,03/02/2022,234.9521177
ca_258,04/02/2022,207,,04/02/2022,216.1316771
ca_258,05/02/2022,101,,05/02/2022,198.8957239
ca_258,06/02/2022,106,,06/02/2022,183.0492337
ca_258,07/02/2022,213,,07/02/2022,168.2592947
ca_258,08/02/2022,157,,08/02/2022,154.1910555
ca_258,09/02/2022,145,,09/02/2022,140.4458815
ca_258,10/02/2022,160,,10/02/2022,126.7783167
ca_258,11/02/2022,90,,11/02/2022,113.6091407
ca_258,12/02/2022,66,,12/02/2022,101.6046541
ca_258,13/02/2022,59,,13/02/2022,91.32395975
ca_258,14/02/2022,106,,14/02/2022,83.00290651
ca_258,15/02/2022,104,,15/02/2022,76.42524026
ca_258,16/02/2022,89,,16/02/2022,70.99378386
ca_258,17/02/2022,70,,17/02/2022,65.91270348
ca_258,18/02/2022,56,,18/02/2022,60.47469176
ca_258,19/02/2022,23,,19/02/2022,54.51804404
ca_258,20/02/2022,34,,20/02/2022,48.66175889
ca_258,21/02/2022,30,,21/02/2022,43.10122427
ca_258,22/02/2022,63,,22/02/2022,38.05274926
ca_258,23/02/2022,39,,23/02/2022,33.82762928
ca_258,24/02/2022,39,,24/02/2022,30.65776054
ca_258,25/02/2022,39,,25/02/2022,28.58629525
ca_258,26/02/2022,15,,26/02/2022,27.39945394
ca_258,27/02/2022,19,,27/02/2022,26.66773591
ca_258,28/02/2022,27,,28/02/2022,25.86938635
ca_258,01/03/2022,35,,01/03/2022,24.57871943
ca_258,02/03/2022,28,,02/03/2022,22.75927816
ca_258,03/03/2022,23,,03/03/2022,20.9131668
ca_258,04/03/2022,14,,04/03/2022,19.24127395
ca_258,05/03/2022,10,,05/03/2022,17.82380428
ca_258,06/03/2022,9,,06/03/2022,16.74178749
ca_258,07/03/2022,18,,07/03/2022,16.0378694
ca_258,08/03/2022,23,,08/03/2022,15.69074675
ca_258,09/03/2022,21,,09/03/2022,15.59692353
ca_258,10/03/2022,26,,10/03/2022,15.5833714
ca_258,11/03/2022,17,,11/03/2022,15.4539154
ca_258,12/03/2022,11,,12/03/2022,15.05966155
ca_258,13/03/2022,8,,13/03/2022,14.40738021
ca_258,14/03/2022,16,,14/03/2022,13.68592813
ca_258,15/03/2022,20,,15/03/2022,12.90551757
ca_258,16/03/2022,12,,16/03/2022,12.07329402
ca_258,17/03/2022,20,,17/03/2022,11.24188486
ca_258,18/03/2022,8,,18/03/2022,10.47389562
ca_258,19/03/2022,0,,19/03/2022,9.819382444
ca_258,20/03/2022,0,,20/03/2022,9.301401163
ca_258,21/03/2022,16,,21/03/2022,8.910631221
ca_258,22/03/2022,18,,22/03/2022,8.614561224
ca_258,23/03/2022,0,,23/03/2022,8.371926234
ca_258,24/03/2022,8,,24/03/2022,8.155685731
ca_258,25/03/2022,6,,25/03/2022,7.975679317
ca_258,26/03/2022,8,,26/03/2022,7.843512421
ca_258,27/03/2022,0,,27/03/2022,7.780755547
ca_258,28/03/2022,11,,28/03/2022,7.815931439
ca_258,29/03/2022,11,,29/03/2022,7.970146608
ca_258,30/03/2022,14,,30/03/2022,8.247869543
ca_258,31/03/2022,6,,31/03/2022,8.630145025
ca_258,01/04/2022,12,,01/04/2022,9.072437107
ca_258,02/04/2022,7,,02/04/2022,9.514559243
ca_258,03/04/2022,0,,03/04/2022,9.897843528
ca_258,04/04/2022,21,,04/04/2022,10.19409427
ca_258,05/04/2022,13,,05/04/2022,10.44178022
ca_258,06/04/2022,12,,06/04/2022,10.65724439
ca_258,07/04/2022,13,,07/04/2022,10.82088993
ca_258,08/04/2022,9,,08/04/2022,10.95391158
ca_258,09/04/2022,7,,09/04/2022,11.09516738
ca_258,10/04/2022,6,,10/04/2022,11.28286027
ca_258,11/04/2022,15,,11/04/2022,11.54370546
ca_258,12/04/2022,22,,12/04/2022,11.88673612
ca_258,13/04/2022,11,,13/04/2022,12.30538244
ca_258,14/04/2022,9,,14/04/2022,12.78257329
ca_258,15/04/2022,10,,15/04/2022,13.29802957
ca_258,16/04/2022,10,,16/04/2022,13.83951574
ca_258,17/04/2022,11,,17/04/2022,14.37613158
ca_258,18/04/2022,20,,18/04/2022,14.85291078
ca_258,19/04/2022,16,,19/04/2022,15.29477029
ca_258,20/04/2022,13,,20/04/2022,15.76966389
ca_258,21/04/2022,23,,21/04/2022,16.34824865
ca_258,22/04/2022,21,,22/04/2022,17.07858021
ca_258,23/04/2022,8,,23/04/2022,17.97031322
ca_258,24/04/2022,20,,24/04/2022,18.9975036
ca_258,25/04/2022,29,,25/04/2022,20.11190748
ca_258,26/04/2022,25,,26/04/2022,21.26232989
ca_258,27/04/2022,24,,27/04/2022,22.42466197
ca_258,28/04/2022,26,,28/04/2022,23.61443429
ca_258,29/04/2022,24,,29/04/2022,24.82504628
ca_258,30/04/2022,15,,30/04/2022,26.09171182
ca_258,01/05/2022,13,,01/05/2022,27.47406269
ca_258,02/05/2022,39,,02/05/2022,29.02247783
ca_258,03/05/2022,37,,03/05/2022,30.75745252
ca_258,04/05/2022,31,,04/05/2022,32.65820624
ca_258,05/05/2022,31,,05/05/2022,34.66774283
ca_258,06/05/2022,33,,06/05/2022,36.71060267
ca_258,07/05/2022,29,,07/05/2022,38.7204884
ca_258,08/05/2022,20,,08/05/2022,40.6834549
ca_258,09/05/2022,58,,09/05/2022,42.69556453
ca_258,10/05/2022,43,,10/05/2022,44.88647055
ca_258,11/05/2022,47,,11/05/2022,47.27886584
ca_258,12/05/2022,57,,12/05/2022,49.82142469
ca_258,13/05/2022,55,,13/05/2022,52.42942164
ca_258,14/05/2022,51,,14/05/2022,55.00994426
ca_258,15/05/2022,46,,15/05/2022,57.47621564
ca_258,16/05/2022,95,,16/05/2022,59.75908103
ca_258,17/05/2022,79,,17/05/2022,61.81558065
ca_258,18/05/2022,79,,18/05/2022,63.64016631
ca_258,19/05/2022,70,,19/05/2022,65.28034154
ca_258,20/05/2022,66,,20/05/2022,66.827551
ca_258,21/05/2022,47,,21/05/2022,68.29939075
ca_258,22/05/2022,45,,22/05/2022,69.65936911
ca_258,23/05/2022,88,,23/05/2022,70.86361835
ca_258,24/05/2022,78,,24/05/2022,71.882809
ca_258,25/05/2022,69,,25/05/2022,72.71688725
ca_258,26/05/2022,66,,26/05/2022,73.40665432
ca_258,27/05/2022,61,,27/05/2022,74.0337439
ca_258,28/05/2022,50,,28/05/2022,74.69877028
ca_258,29/05/2022,57,,29/05/2022,75.48724948
ca_258,30/05/2022,54,,30/05/2022,76.4158981
ca_258,31/05/2022,91,,31/05/2022,77.39581802
ca_258,01/06/2022,97,,01/06/2022,78.42281515
ca_258,02/06/2022,110,,02/06/2022,79.49786988
ca_258,03/06/2022,100,,03/06/2022,80.57458567
ca_258,04/06/2022,56,,04/06/2022,81.59435948
ca_258,05/06/2022,76,,05/06/2022,82.50838344
ca_258,06/06/2022,122,,06/06/2022,83.28976386
ca_258,07/06/2022,98,,07/06/2022,83.93836397
ca_258,08/06/2022,85,,08/06/2022,84.4759647
ca_258,09/06/2022,95,,09/06/2022,84.93713262
ca_258,10/06/2022,73,,10/06/2022,85.35427882
ca_258,11/06/2022,63,,11/06/2022,85.73186782
ca_258,12/06/2022,55,,12/06/2022,85.98858563
ca_258,13/06/2022,124,,13/06/2022,86.04292155
ca_258,14/06/2022,94,,14/06/2022,85.89102032
ca_258,15/06/2022,92,,15/06/2022,85.57764899
ca_258,16/06/2022,77,,16/06/2022,85.17228481
ca_258,17/06/2022,81,,17/06/2022,84.75559522
ca_258,18/06/2022,53,,18/06/2022,84.41094777
ca_258,19/06/2022,63,,19/06/2022,84.2141987
ca_258,20/06/2022,94,,20/06/2022,84.22252558
ca_258,21/06/2022,81,,21/06/2022,84.45396296
ca_258,22/06/2022,93,,22/06/2022,84.85601466
ca_258,23/06/2022,113,,23/06/2022,85.33383768
ca_258,24/06/2022,83,,24/06/2022,85.8983193
ca_258,25/06/2022,61,,25/06/2022,86.57930235
ca_258,26/06/2022,78,,26/06/2022,87.3932925
ca_258,27/06/2022,110,,27/06/2022,88.338287
ca_258,28/06/2022,111,,28/06/2022,89.39113035
ca_258,29/06/2022,102,,29/06/2022,90.50659915
ca_258,30/06/2022,89,,30/06/2022,91.62464633
ca_258,01/07/2022,93,,01/07/2022,92.68282497
ca_258,02/07/2022,77,,02/07/2022,93.63684775
ca_258,03/07/2022,57,,03/07/2022,94.49350264
ca_258,04/07/2022,68,,04/07/2022,95.35819627
ca_258,05/07/2022,139,,05/07/2022,96.35885553
ca_258,06/07/2022,122,,06/07/2022,97.49683491
ca_258,07/07/2022,101,,07/07/2022,98.69402972
ca_258,08/07/2022,97,,08/07/2022,99.84852171
ca_258,09/07/2022,69,,09/07/2022,100.8702572
ca_258,10/07/2022,85,,10/07/2022,101.703379
ca_258,11/07/2022,124,,11/07/2022,102.3326759
ca_258,12/07/2022,124,,12/07/2022,102.7758444
ca_258,13/07/2022,129,,13/07/2022,103.0721963
ca_258,14/07/2022,106,,14/07/2022,103.2651276
ca_258,15/07/2022,118,,15/07/2022,103.396968
ca_258,16/07/2022,68,,16/07/2022,103.5140464
ca_258,17/07/2022,66,,17/07/2022,103.5774457
ca_258,18/07/2022,132,,18/07/2022,103.5029722
ca_258,19/07/2022,116,,19/07/2022,103.2116172
ca_258,20/07/2022,111,,20/07/2022,102.6622585
ca_258,21/07/2022,86,,21/07/2022,101.8737712
ca_258,22/07/2022,90,,22/07/2022,100.925367
ca_258,23/07/2022,77,,23/07/2022,99.92893525
ca_258,24/07/2022,71,,24/07/2022,98.98571226
ca_258,25/07/2022,139,,25/07/2022,98.11893822
ca_258,26/07/2022,112,,26/07/2022,97.21077058
ca_258,27/07/2022,96,,27/07/2022,96.14431106
ca_258,28/07/2022,114,,28/07/2022,94.890682
ca_258,29/07/2022,90,,29/07/2022,93.4738208
ca_258,30/07/2022,60,,30/07/2022,91.94566137
ca_258,31/07/2022,87,,31/07/2022,90.37133497
ca_258,01/08/2022,136,,01/08/2022,88.82202687
ca_258,02/08/2022,95,,02/08/2022,87.36794502
ca_258,03/08/2022,98,,03/08/2022,86.06943439
ca_258,04/08/2022,66,,04/08/2022,84.96184803
ca_258,05/08/2022,93,,05/08/2022,84.03097833
ca_258,06/08/2022,47,,06/08/2022,83.21393378
ca_258,07/08/2022,49,,07/08/2022,82.60916689
ca_258,08/08/2022,109,,08/08/2022,82.29572969
ca_258,09/08/2022,67,,09/08/2022,82.23692529
ca_258,10/08/2022,87,,10/08/2022,82.33742647
ca_258,11/08/2022,72,,11/08/2022,82.48198607
ca_258,12/08/2022,104,,12/08/2022,82.55723402
ca_258,13/08/2022,61,,13/08/2022,82.46724928
ca_258,14/08/2022,71,,14/08/2022,82.1402683
ca_258,15/08/2022,111,,15/08/2022,81.5377416
ca_258,16/08/2022,87,,16/08/2022,80.6725976
ca_258,17/08/2022,85,,17/08/2022,79.63305112
ca_258,18/08/2022,97,,18/08/2022,78.5226108
ca_258,19/08/2022,74,,19/08/2022,77.33792811
ca_258,20/08/2022,50,,20/08/2022,76.02174679
ca_258,21/08/2022,45,,21/08/2022,74.51082802
ca_258,22/08/2022,105,,22/08/2022,72.76474387
ca_258,23/08/2022,84,,23/08/2022,70.7832323
ca_258,24/08/2022,80,,24/08/2022,68.61559889
ca_258,25/08/2022,76,,25/08/2022,66.35058338
ca_258,26/08/2022,67,,26/08/2022,64.09438605
ca_258,27/08/2022,27,,27/08/2022,61.93274818
ca_258,28/08/2022,42,,28/08/2022,59.86967474
ca_258,29/08/2022,89,,29/08/2022,57.76688778
ca_258,30/08/2022,65,,30/08/2022,55.48260103
ca_258,31/08/2022,53,,31/08/2022,53.00032437
ca_258,01/09/2022,58,,01/09/2022,50.38271712
ca_258,02/09/2022,43,,02/09/2022,47.72445109
ca_258,03/09/2022,23,,03/09/2022,45.12146724
ca_258,04/09/2022,26,,04/09/2022,42.65151869
ca_258,05/09/2022,34,,05/09/2022,40.36544421
ca_258,06/09/2022,56,,06/09/2022,38.2862621
ca_258,07/09/2022,35,,07/09/2022,36.40604535
ca_258,08/09/2022,40,,08/09/2022,34.68020621
ca_258,09/09/2022,41,,09/09/2022,33.02776452
ca_258,10/09/2022,15,,10/09/2022,31.40377257
ca_258,11/09/2022,26,,11/09/2022,29.84093419
ca_258,12/09/2022,39,,12/09/2022,28.40287682
ca_258,13/09/2022,37,,13/09/2022,27.14620201
ca_258,14/09/2022,18,,14/09/2022,26.09606546
ca_258,15/09/2022,41,,15/09/2022,25.22983392
ca_258,16/09/2022,16,,16/09/2022,24.47984113
ca_258,17/09/2022,13,,17/09/2022,23.75499171
ca_258,18/09/2022,12,,18/09/2022,22.97463413
ca_258,19/09/2022,31,,19/09/2022,22.1216813
ca_258,20/09/2022,22,,20/09/2022,21.25827613
ca_258,21/09/2022,26,,21/09/2022,20.37116817
ca_258,22/09/2022,23,,22/09/2022,19.47390609
ca_258,23/09/2022,19,,23/09/2022,18.61497419
ca_258,24/09/2022,13,,24/09/2022,17.84672233
ca_258,25/09/2022,11,,25/09/2022,17.20529361
ca_258,26/09/2022,28,,26/09/2022,16.69723333
ca_258,27/09/2022,13,,27/09/2022,16.29657891
ca_258,28/09/2022,18,,28/09/2022,15.95668711
ca_258,29/09/2022,16,,29/09/2022,15.62937435
ca_258,30/09/2022,16,,30/09/2022,15.29505616
ca_258,01/10/2022,10,,01/10/2022,14.9824727
ca_258,02/10/2022,14,,02/10/2022,14.70564901
ca_258,03/10/2022,15,,03/10/2022,14.48081501
ca_258,04/10/2022,17,,04/10/2022,14.32821098
ca_258,05/10/2022,12,,05/10/2022,14.26219715
ca_258,06/10/2022,12,,06/10/2022,14.28470276
ca_258,07/10/2022,19,,07/10/2022,14.38008311
ca_258,08/10/2022,5,,08/10/2022,14.51401282
ca_258,09/10/2022,9,,09/10/2022,14.64160329
ca_258,10/10/2022,14,,10/10/2022,14.72135179
ca_258,11/10/2022,21,,11/10/2022,14.73820952
ca_258,12/10/2022,21,,12/10/2022,14.72241442
ca_258,13/10/2022,23,,13/10/2022,14.6449998
ca_258,14/10/2022,17,,14/10/2022,14.48196273
ca_258,15/10/2022,14,,15/10/2022,14.2667757
ca_258,16/10/2022,6,,16/10/2022,14.05543886
ca_258,17/10/2022,17,,17/10/2022,13.90277716
ca_258,18/10/2022,16,,18/10/2022,13.84860897
ca_258,19/10/2022,14,,19/10/2022,13.90976309
ca_258,20/10/2022,11,,20/10/2022,14.08246313
ca_258,21/10/2022,18,,21/10/2022,14.34788116
ca_258,22/10/2022,9,,22/10/2022,14.68021557
ca_258,23/10/2022,7,,23/10/2022,15.05988294
ca_258,24/10/2022,21,,24/10/2022,15.49498665
ca_258,25/10/2022,14,,25/10/2022,16.0126116
ca_258,26/10/2022,17,,26/10/2022,16.6319218
ca_258,27/10/2022,15,,27/10/2022,17.35924283
ca_258,28/10/2022,19,,28/10/2022,18.18673676
ca_258,29/10/2022,11,,29/10/2022,19.09131024
ca_258,30/10/2022,24,,30/10/2022,20.033649
ca_258,31/10/2022,21,,31/10/2022,20.96384371
ca_258,01/11/2022,32,,01/11/2022,21.83096454
ca_258,02/11/2022,28,,02/11/2022,22.60005106
ca_258,03/11/2022,17,,03/11/2022,23.2797369
ca_258,04/11/2022,37,,04/11/2022,23.90835378
ca_258,05/11/2022,14,,05/11/2022,24.43188461
ca_258,06/11/2022,20,,06/11/2022,24.8418647
ca_258,07/11/2022,32,,07/11/2022,25.18219304
ca_258,08/11/2022,29,,08/11/2022,25.51580978
ca_258,09/11/2022,27,,09/11/2022,25.90288282
ca_258,10/11/2022,26,,10/11/2022,26.38705933
ca_258,11/11/2022,23,,11/11/2022,26.99112035
ca_258,12/11/2022,26,,12/11/2022,27.7191666
ca_258,13/11/2022,18,,13/11/2022,28.55867332
ca_258,14/11/2022,32,,14/11/2022,29.4829843
ca_258,15/11/2022,26,,15/11/2022,30.48949632
ca_258,16/11/2022,40,,16/11/2022,31.66595609
ca_258,17/11/2022,29,,17/11/2022,33.04296429
ca_258,18/11/2022,32,,18/11/2022,34.58914791
ca_258,19/11/2022,25,,19/11/2022,36.24068623
ca_258,20/11/2022,39,,20/11/2022,37.92036905
ca_258,21/11/2022,59,,21/11/2022,39.54974873
ca_258,22/11/2022,49,,22/11/2022,41.05929435
ca_258,23/11/2022,43,,23/11/2022,42.39651377
ca_258,24/11/2022,16,,24/11/2022,43.54000561
ca_258,25/11/2022,50,,25/11/2022,44.52160626
ca_258,26/11/2022,36,,26/11/2022,45.45774244
ca_258,27/11/2022,40,,27/11/2022,46.46474116
ca_258,28/11/2022,61,,28/11/2022,47.51938511
ca_258,29/11/2022,68,,29/11/2022,48.52109863
ca_258,30/11/2022,53,,30/11/2022,49.35713656
ca_258,01/12/2022,53,,01/12/2022,49.94442162
ca_258,02/12/2022,46,,02/12/2022,50.25690714
ca_258,03/12/2022,32,,03/12/2022,50.33347729
ca_258,04/12/2022,38,,04/12/2022,50.25714488
ca_258,05/12/2022,72,,05/12/2022,50.12022333
ca_258,06/12/2022,74,,06/12/2022,49.96880984
ca_258,07/12/2022,47,,07/12/2022,49.7547726
ca_258,08/12/2022,35,,08/12/2022,49.42925983
ca_258,09/12/2022,49,,09/12/2022,48.95329414
ca_258,10/12/2022,44,,10/12/2022,48.29644217
ca_258,11/12/2022,33,,11/12/2022,47.44744914
ca_258,12/12/2022,63,,12/12/2022,46.42168398
ca_258,13/12/2022,48,,13/12/2022,45.26842389
ca_258,14/12/2022,44,,14/12/2022,44.07140064
ca_258,15/12/2022,63,,15/12/2022,42.93152071
ca_258,16/12/2022,35,,16/12/2022,41.93771692
ca_258,17/12/2022,14,,17/12/2022,41.11848517
ca_258,18/12/2022,23,,18/12/2022,40.38823758
ca_258,19/12/2022,57,,19/12/2022,39.70171058
ca_258,20/12/2022,44,,20/12/2022,39.07740355
ca_258,21/12/2022,43,,21/12/2022,38.50507887
ca_258,22/12/2022,41,,22/12/2022,37.95968061
ca_258,23/12/2022,38,,23/12/2022,37.41235843
ca_258,24/12/2022,18,,24/12/2022,36.83666684
ca_258,25/12/2022,20,,25/12/2022,36.21234271
ca_258,26/12/2022,38,,26/12/2022,35.52658315
ca_258,27/12/2022,60,,27/12/2022,34.77482085
ca_258,28/12/2022,51,,28/12/2022,33.96266767
ca_258,29/12/2022,37,,29/12/2022,33.10788118
ca_258,30/12/2022,40,,30/12/2022,32.20010395
ca_258,31/12/2022,17,,31/12/2022,31.19301798
ca_258,01/01/2023,14,,01/01/2023,30.08252584
ca_258,02/01/2023,34,,02/01/2023,28.89411263
ca_258,03/01/2023,36,,03/01/2023,27.6663552
ca_258,04/01/2023,22,,04/01/2023,26.44071091
ca_258,05/01/2023,20,,05/01/2023,25.25511327
ca_258,06/01/2023,26,,06/01/2023,24.1405731
ca_258,07/01/2023,12,,07/01/2023,23.11883836
ca_258,08/01/2023,17,,08/01/2023,22.19668335
ca_258,09/01/2023,30,,09/01/2023,21.35612818
ca_258,10/01/2023,25,,10/01/2023,20.52779495
ca_258,11/01/2023,21,,11/01/2023,19.61800896
ca_258,12/01/2023,22,,12/01/2023,18.63731068
ca_258,13/01/2023,26,,13/01/2023,17.66175775
ca_258,14/01/2023,9,,14/01/2023,16.78074856
ca_258,15/01/2023,14,,15/01/2023,16.06328414
ca_258,16/01/2023,13,,16/01/2023,15.53645195
ca_258,17/01/2023,19,,17/01/2023,15.18384838
ca_258,18/01/2023,16,,18/01/2023,14.95928905
ca_258,19/01/2023,11,,19/01/2023,14.80706123
ca_258,20/01/2023,22,,20/01/2023,14.69313308
ca_258,21/01/2023,12,,21/01/2023,14.6365259
ca_258,22/01/2023,6,,22/01/2023,14.67247365
ca_258,23/01/2023,11,,23/01/2023,14.83545304
ca_258,24/01/2023,14,,24/01/2023,15.15064117
ca_258,25/01/2023,21,,25/01/2023,15.62424899
ca_258,26/01/2023,16,,26/01/2023,16.23734477
ca_258,27/01/2023,19,,27/01/2023,16.94159833
ca_258,28/01/2023,13,,28/01/2023,17.66511085
ca_258,29/01/2023,10,,29/01/2023,18.32916518
ca_258,30/01/2023,22,,30/01/2023,18.87520886
ca_258,31/01/2023,23,,31/01/2023,19.30707959
ca_258,01/02/2023,21,,01/02/2023,19.72237629
ca_258,02/02/2023,19,,02/02/2023,20.19004758
ca_258,03/02/2023,24,,03/02/2023,20.71053453
ca_258,04/02/2023,20,,04/02/2023,21.25292534
ca_258,05/02/2023,15,,05/02/2023,21.7766794
ca_258,06/02/2023,35,,06/02/2023,22.24524059
ca_258,07/02/2023,26,,07/02/2023,22.63434376
ca_258,08/02/2023,26,,08/02/2023,22.93618072
ca_258,09/02/2023,26,,09/02/2023,23.15743656
ca_258,10/02/2023,23,,10/02/2023,23.31507301
ca_258,11/02/2023,8,,11/02/2023,23.42890699
ca_258,12/02/2023,22,,12/02/2023,23.5110638
ca_258,13/02/2023,33,,13/02/2023,23.56038198
ca_258,14/02/2023,23,,14/02/2023,23.56121872
ca_258,15/02/2023,27,,15/02/2023,23.49411681
ca_258,16/02/2023,28,,16/02/2023,23.3453317
ca_258,17/02/2023,19,,17/02/2023,23.11299089
ca_258,18/02/2023,17,,18/02/2023,22.81172905
ca_258,19/02/2023,16,,19/02/2023,22.47382105
ca_258,20/02/2023,27,,20/02/2023,22.1415799
ca_258,21/02/2023,26,,21/02/2023,21.85491793
ca_258,22/02/2023,20,,22/02/2023,21.63076352
ca_258,23/02/2023,20,,23/02/2023,21.43831232
ca_258,24/02/2023,16,,24/02/2023,21.25981312
ca_258,25/02/2023,18,,25/02/2023,21.10274747
ca_258,26/02/2023,11,,26/02/2023,20.95573666
ca_258,27/02/2023,30,,27/02/2023,20.7997449
ca_258,28/02/2023,32,,28/02/2023,20.61681001
ca_258,01/03/2023,32,,01/03/2023,20.39524355
ca_258,02/03/2023,17,,02/03/2023,20.13261874
ca_258,03/03/2023,15,,03/03/2023,19.8344558
ca_258,04/03/2023,13,,04/03/2023,19.51127717
ca_258,05/03/2023,15,,05/03/2023,19.17417212
ca_258,06/03/2023,26,,06/03/2023,18.82782268
ca_258,07/03/2023,20,,07/03/2023,18.46005235
ca_258,08/03/2023,18,,08/03/2023,18.05233816
ca_258,09/03/2023,18,,09/03/2023,17.59908209
ca_258,10/03/2023,17,,10/03/2023,17.10487933
ca_258,11/03/2023,13,,11/03/2023,16.58064319
ca_258,12/03/2023,12,,12/03/2023,16.04116656
ca_258,13/03/2023,16,,13/03/2023,15.50363943
ca_258,14/03/2023,19,,14/03/2023,14.98564945
ca_258,15/03/2023,9,,15/03/2023,14.50267925
ca_258,16/03/2023,23,,16/03/2023,14.06341884
ca_258,17/03/2023,10,,17/03/2023,13.66204397
ca_258,18/03/2023,11,,18/03/2023,13.27036547
ca_258,19/03/2023,14,,19/03/2023,12.86469656
ca_258,20/03/2023,12,,20/03/2023,12.45010968
ca_258,21/03/2023,16,,21/03/2023,12.0462085
ca_258,22/03/2023,9,,22/03/2023,11.67432247
ca_258,23/03/2023,13,,23/03/2023,11.34934453
ca_258,24/03/2023,13,,24/03/2023,11.07467804
ca_258,25/03/2023,8,,25/03/2023,10.8423509
ca_258,26/03/2023,6,,26/03/2023,10.63717892
ca_258,27/03/2023,18,,27/03/2023,10.44299132
ca_258,28/03/2023,5,,28/03/2023,10.25226774
ca_258,29/03/2023,9,,29/03/2023,10.07697359
ca_258,30/03/2023,10,,30/03/2023,9.93505557
ca_258,31/03/2023,7,,31/03/2023,9.835552589
ca_258,01/04/2023,8,,01/04/2023,9.779501111
ca_258,02/04/2023,13,,02/04/2023,9.761285989
ca_258,03/04/2023,8,,03/04/2023,9.769445247
ca_258,04/04/2023,19,,04/04/2023,9.786988817
ca_258,05/04/2023,7,,05/04/2023,9.793524665
ca_258,06/04/2023,13,,06/04/2023,9.769416371
ca_258,07/04/2023,11,,07/04/2023,9.70225498
ca_258,08/04/2023,5,,08/04/2023,9.596803251
ca_258,09/04/2023,8,,09/04/2023,9.474422836
ca_258,10/04/2023,6,,10/04/2023,9.331195138
ca_258,11/04/2023,10,,11/04/2023,9.162475914
ca_258,12/04/2023,16,,12/04/2023,8.970655793
ca_258,13/04/2023,9,,13/04/2023,8.762164229
ca_258,14/04/2023,9,,14/04/2023,8.545591851
ca_258,15/04/2023,6,,15/04/2023,8.330575254
ca_258,16/04/2023,0,,16/04/2023,8.126552366
ca_258,17/04/2023,10,,17/04/2023,7.941548342
ca_258,18/04/2023,11,,18/04/2023,7.780055595
ca_258,19/04/2023,10,,19/04/2023,7.63966584
ca_258,20/04/2023,6,,20/04/2023,7.506634549
ca_258,21/04/2023,8,,21/04/2023,7.363485407
ca_258,22/04/2023,6,,22/04/2023,7.21040365
ca_258,23/04/2023,5,,23/04/2023,7.059610941
ca_258,24/04/2023,9,,24/04/2023,6.926261352
ca_258,25/04/2023,12,,25/04/2023,6.822746711
ca_258,26/04/2023,10,,26/04/2023,6.75538161
ca_258,27/04/2023,0,,27/04/2023,6.722860155
ca_258,28/04/2023,6,,28/04/2023,6.717697329
ca_258,29/04/2023,0,,29/04/2023,6.729094344
ca_258,30/04/2023,5,,30/04/2023,6.747750304
ca_258,01/05/2023,9,,01/05/2023,6.774264615
ca_258,02/05/2023,6,,02/05/2023,6.836940126
ca_258,03/05/2023,8,,03/05/2023,6.958444996
ca_258,04/05/2023,9,,04/05/2023,7.133943019
ca_258,05/05/2023,11,,05/05/2023,7.343874759
ca_258,06/05/2023,5,,06/05/2023,7.56357122
ca_258,07/05/2023,0,,07/05/2023,7.768693091
ca_258,08/05/2023,11,,08/05/2023,7.938398812
ca_258,09/05/2023,14,,09/05/2023,8.056977878
ca_258,10/05/2023,16,,10/05/2023,8.115245842
ca_258,11/05/2023,13,,11/05/2023,8.113717261
ca_258,12/05/2023,5,,12/05/2023,8.067392296
ca_258,13/05/2023,6,,13/05/2023,7.997355308
ca_258,14/05/2023,0,,14/05/2023,7.900365524
ca_258,15/05/2023,11,,15/05/2023,7.765147725
ca_258,16/05/2023,10,,16/05/2023,7.582276345
ca_258,17/05/2023,8,,17/05/2023,7.348412116
ca_258,18/05/2023,0,,18/05/2023,7.06887404
ca_258,19/05/2023,13,,19/05/2023,6.759210124
ca_258,20/05/2023,0,,20/05/2023,6.44242236
ca_258,21/05/2023,5,,21/05/2023,6.143644797
ca_258,22/05/2023,0,,22/05/2023,5.881563286
ca_258,23/05/2023,7,,23/05/2023,5.654764677
ca_258,24/05/2023,11,,24/05/2023,5.431597863
ca_258,25/05/2023,0,,25/05/2023,5.190172432
ca_258,26/05/2023,18,,26/05/2023,4.929931351
ca_258,27/05/2023,0,,27/05/2023,4.660034554
ca_258,28/05/2023,0,,28/05/2023,4.392747936
ca_258,29/05/2023,11,,29/05/2023,4.139211005
ca_258,30/05/2023,8,,30/05/2023,3.906836901
ca_258,31/05/2023,0,,31/05/2023,3.69855748
ca_258,01/06/2023,0,,01/06/2023,3.513550352
ca_258,02/06/2023,7,,02/06/2023,3.348173829
ca_258,03/06/2023,0,,03/06/2023,3.197357468
ca_258,04/06/2023,0,,04/06/2023,3.054791854
ca_258,05/06/2023,10,,05/06/2023,2.915093568
ca_258,06/06/2023,0,,06/06/2023,2.78485656
ca_258,07/06/2023,0,,07/06/2023,2.67630331
ca_258,08/06/2023,0,,08/06/2023,2.600295812
ca_258,09/06/2023,0,,09/06/2023,2.561911702
ca_258,10/06/2023,0,,10/06/2023,2.55767085
ca_258,11/06/2023,5,,11/06/2023,2.57593713
ca_258,12/06/2023,7,,12/06/2023,2.600838876
ca_258,13/06/2023,10,,13/06/2023,2.618328714
ca_258,14/06/2023,7,,14/06/2023,2.625571339
ca_258,15/06/2023,0,,15/06/2023,2.635065153
ca_258,16/06/2023,0,,16/06/2023,2.65013624
ca_258,17/06/2023,0,,17/06/2023,2.676558503
ca_258,18/06/2023,0,,18/06/2023,2.723139487
ca_258,19/06/2023,0,,19/06/2023,2.797038977
ca_258,20/06/2023,0,,20/06/2023,2.900792456
ca_258,21/06/2023,7,,21/06/2023,3.030304196
ca_258,22/06/2023,0,,22/06/2023,3.174857717
ca_258,23/06/2023,6,,23/06/2023,3.320366215
ca_258,24/06/2023,7,,24/06/2023,3.454259653
ca_258,25/06/2023,0,,25/06/2023,3.573144488
ca_258,26/06/2023,11,,26/06/2023,3.687747016
ca_258,27/06/2023,0,,27/06/2023,3.793170515
ca_258,28/06/2023,8,,28/06/2023,3.887814209
ca_258,29/06/2023,0,,29/06/2023,3.982001697
ca_258,30/06/2023,0,,30/06/2023,4.089430152
ca_258,01/07/2023,8,,01/07/2023,4.221566433
ca_258,02/07/2023,0,,02/07/2023,4.384166432
ca_258,03/07/2023,11,,03/07/2023,4.575362341
ca_258,04/07/2023,0,,04/07/2023,4.787498894
ca_258,05/07/2023,12,,05/07/2023,5.010198166
ca_258,06/07/2023,6,,06/07/2023,5.235187678
ca_258,07/07/2023,0,,07/07/2023,5.463122509
ca_258,08/07/2023,7,,08/07/2023,5.696759351
ca_258,09/07/2023,7,,09/07/2023,5.936489863
ca_258,10/07/2023,6,,10/07/2023,6.188663173
ca_258,11/07/2023,0,,11/07/2023,6.460925882
ca_258,12/07/2023,11,,12/07/2023,6.758642718
ca_258,13/07/2023,8,,13/07/2023,7.082664877
ca_258,14/07/2023,8,,14/07/2023,7.427982434
ca_258,15/07/2023,8,,15/07/2023,7.784879922
ca_258,16/07/2023,0,,16/07/2023,8.141513458
ca_258,17/07/2023,10,,17/07/2023,8.488303697
ca_258,18/07/2023,12,,18/07/2023,8.824957068
ca_258,19/07/2023,7,,19/07/2023,9.157030506
ca_258,20/07/2023,8,,20/07/2023,9.475872223
ca_258,21/07/2023,15,,21/07/2023,9.783559182
ca_258,22/07/2023,11,,22/07/2023,10.09053151
ca_258,23/07/2023,8,,23/07/2023,10.40883539
ca_258,24/07/2023,15,,24/07/2023,10.74781404
ca_258,25/07/2023,14,,25/07/2023,11.11140522
ca_258,26/07/2023,13,,26/07/2023,11.49811692
ca_258,27/07/2023,13,,27/07/2023,11.90268883
ca_258,28/07/2023,10,,28/07/2023,12.31843939
ca_258,29/07/2023,6,,29/07/2023,12.74085535
ca_258,30/07/2023,6,,30/07/2023,13.17903153
ca_258,31/07/2023,19,,31/07/2023,13.66114566
ca_258,01/08/2023,14,,01/08/2023,14.1941193
ca_258,02/08/2023,10,,02/08/2023,14.766324
ca_258,03/08/2023,21,,03/08/2023,15.35758572
ca_258,04/08/2023,21,,04/08/2023,15.94577076
ca_258,05/08/2023,15,,05/08/2023,16.5112125
ca_258,06/08/2023,13,,06/08/2023,17.03929659
ca_258,07/08/2023,14,,07/08/2023,17.52127152
ca_258,08/08/2023,22,,08/08/2023,17.95598503
ca_258,09/08/2023,19,,09/08/2023,18.35273362
ca_258,10/08/2023,19,,10/08/2023,18.73962457
ca_258,11/08/2023,22,,11/08/2023,19.15191993
ca_258,12/08/2023,14,,12/08/2023,19.58577436
ca_258,13/08/2023,18,,13/08/2023,20.01311804
ca_258,14/08/2023,21,,14/08/2023,20.40070692
ca_258,15/08/2023,24,,15/08/2023,20.72247715
ca_258,16/08/2023,29,,16/08/2023,20.96788618
ca_258,17/08/2023,18,,17/08/2023,21.14468317
ca_258,18/08/2023,20,,18/08/2023,21.27358325
ca_258,19/08/2023,25,,19/08/2023,21.37929161
ca_258,20/08/2023,14,,20/08/2023,21.47609976
ca_258,21/08/2023,24,,21/08/2023,21.56745935
ca_258,22/08/2023,22,,22/08/2023,21.68171548
ca_258,23/08/2023,21,,23/08/2023,21.81230376
ca_258,24/08/2023,22,,24/08/2023,21.9260702
ca_258,25/08/2023,18,,25/08/2023,21.98508068
ca_258,26/08/2023,12,,26/08/2023,21.96043792
ca_258,27/08/2023,31,,27/08/2023,21.84127948
ca_258,28/08/2023,32,,28/08/2023,21.63884389
ca_258,29/08/2023,22,,29/08/2023,21.38054415
ca_258,30/08/2023,18,,30/08/2023,21.09954287
ca_258,31/08/2023,20,,31/08/2023,20.81750249
ca_258,01/09/2023,28,,01/09/2023,20.52301718
ca_258,02/09/2023,16,,02/09/2023,20.19400823
ca_258,03/09/2023,9,,03/09/2023,19.81646285
ca_258,04/09/2023,18,,04/09/2023,19.38031668
ca_258,05/09/2023,31,,05/09/2023,18.88208693
ca_258,06/09/2023,19,,06/09/2023,18.32644511
ca_258,07/09/2023,12,,07/09/2023,17.72764984
ca_258,08/09/2023,17,,08/09/2023,17.10977136
ca_258,09/09/2023,13,,09/09/2023,16.50267923
ca_258,10/09/2023,14,,10/09/2023,15.93485678
ca_258,11/09/2023,26,,11/09/2023,15.42076896
ca_258,12/09/2023,16,,12/09/2023,14.9421931
ca_258,13/09/2023,18,,13/09/2023,14.45393781
ca_258,14/09/2023,11,,14/09/2023,13.93808653
ca_258,15/09/2023,13,,15/09/2023,13.40320534
ca_258,16/09/2023,7,,16/09/2023,12.86908561
ca_258,17/09/2023,10,,17/09/2023,12.35642634
ca_258,18/09/2023,14,,18/09/2023,11.88065453
ca_258,19/09/2023,9,,19/09/2023,11.44831142
ca_258,20/09/2023,9,,20/09/2023,11.05754792
ca_258,21/09/2023,13,,21/09/2023,10.70050925
ca_258,22/09/2023,9,,22/09/2023,10.36665649
ca_258,23/09/2023,8,,23/09/2023,10.04798383
ca_258,24/09/2023,8,,24/09/2023,9.739096959
ca_258,25/09/2023,13,,25/09/2023,9.429509725
ca_258,26/09/2023,14,,26/09/2023,9.126684291
ca_258,27/09/2023,7,,27/09/2023,8.848320442
ca_258,28/09/2023,8,,28/09/2023,8.611309264
ca_258,29/09/2023,13,,29/09/2023,8.424637646
ca_258,30/09/2023,8,,30/09/2023,8.284774712
ca_258,01/10/2023,5,,01/10/2023,8.176910987
ca_258,02/10/2023,11,,02/10/2023,8.080178006
ca_258,03/10/2023,7,,03/10/2023,7.975550021
ca_258,04/10/2023,5,,04/10/2023,7.858139905
ca_258,05/10/2023,13,,05/10/2023,7.743172529
ca_258,06/10/2023,9,,06/10/2023,7.633834376
ca_258,07/10/2023,5,,07/10/2023,7.534624591
ca_258,08/10/2023,0,,08/10/2023,7.453596163
ca_258,09/10/2023,9,,09/10/2023,7.397682901
ca_258,10/10/2023,5,,10/10/2023,7.369700595
ca_258,11/10/2023,16,,11/10/2023,7.363289348
ca_258,12/10/2023,8,,12/10/2023,7.359035706
ca_258,13/10/2023,0,,13/10/2023,7.342852617
ca_258,14/10/2023,0,,14/10/2023,7.310177226
ca_258,15/10/2023,11,,15/10/2023,7.267461082
ca_258,16/10/2023,12,,16/10/2023,7.230441016
ca_258,17/10/2023,7,,17/10/2023,7.20675118
ca_258,18/10/2023,11,,18/10/2023,7.199821471
ca_258,19/10/2023,8,,19/10/2023,7.212262185
ca_258,20/10/2023,13,,20/10/2023,7.24586357
ca_258,21/10/2023,5,,21/10/2023,7.30121255
ca_258,22/10/2023,7,,22/10/2023,7.376754326
ca_258,23/10/2023,6,,23/10/2023,7.468469549
ca_258,24/10/2023,9,,24/10/2023,7.570833672
ca_258,25/10/2023,9,,25/10/2023,7.678408287
ca_258,26/10/2023,0,,26/10/2023,7.78897248
ca_258,27/10/2023,7,,27/10/2023,7.906174062
ca_258,28/10/2023,6,,28/10/2023,8.032737562
ca_258,29/10/2023,8,,29/10/2023,8.170652123
ca_258,30/10/2023,10,,30/10/2023,8.322117692
ca_258,31/10/2023,10,,31/10/2023,8.488982704
ca_258,01/11/2023,7,,01/11/2023,8.671775358
ca_258,02/11/2023,9,,02/11/2023,8.868274002
ca_258,03/11/2023,10,,03/11/2023,9.072255074
ca_258,04/11/2023,9,,04/11/2023,9.273816511
ca_258,05/11/2023,9,,05/11/2023,9.462388514
ca_258,06/11/2023,5,,06/11/2023,9.633547595
ca_258,07/11/2023,9,,07/11/2023,9.797069474
ca_258,08/11/2023,17,,08/11/2023,9.961306179
ca_258,09/11/2023,9,,09/11/2023,10.12672671
ca_258,10/11/2023,15,,10/11/2023,10.29373347
ca_258,11/11/2023,9,,11/11/2023,10.46282025
ca_258,12/11/2023,9,,12/11/2023,10.63456996
,,,,,