,0
0,177458933.6
1,177341558.5
2,177224237.3
3,177106978.2
4,176989785.4
5,176872660.2
6,176755600.6
7,176638614.3
8,176521727.8
9,176404964.6
10,176288343
11,176171876.7
12,176055574.9
13,175939442.3
14,175823488.4
15,175707741.4
16,175592228
17,175476968.8
18,175361978.9
19,175247268.3
20,175132842
21,175018706.3
22,174904885.6
23,174791403.5
24,174678277.5
25,174565519.2
26,174453134.6
27,174341124.5
28,174229490.6
29,174118250.8
30,174007422
31,173897015
32,173787034.3
33,173677479.3
34,173568344.1
35,173459622.8
36,173351325
37,173243458.6
38,173136025.6
39,173029022.4
40,172922440
41,172816264.5
42,172710482
43,172605092.3
44,172500093.7
45,172395479.1
46,172291235.8
47,172187346.5
48,172083789.3
49,171980542.2
50,171877595.1
51,171774937
52,171672551.6
53,171570417.8
54,171468510.4
55,171366800.1
56,171265257.5
57,171163863.4
58,171062597.7
59,170961435.9
60,170860349.4
61,170759306
62,170658270.1
63,170557206
64,170456086.3
65,170354883
66,170253564.2
67,170152095
68,170050437.5
69,169948551.2
70,169846394.6
71,169743932.2
72,169641129.2
73,169537948
74,169434348.9
75,169330289.9
76,169225727.2
77,169120615.8
78,169014914.2
79,168908582.2
80,168801578
81,168693858.2
82,168585378.4
83,168476092.9
84,168365955.4
85,168254920.8
86,168142944.7
87,168029982.3
88,167915988.1
89,167800916.4
90,167684721.3
91,167567356.9
92,167448776.6
93,167328933.5
94,167207780.8
95,167085272.3
96,166961362.2
97,166836005.7
98,166709158.4
99,166580775.1
100,166450807.5
101,166319208.1
102,166185931.1
103,166050931.8
104,165914167.4
105,165775596.4
106,165635176.9
107,165492861.1
108,165348601.9
109,165202354.6
110,165054077.1
111,164903729.3
112,164751273.8
113,164596672.7
114,164439879.7
115,164280849.4
116,164119539.6
117,163955911.2
118,163789928.6
119,163621559.1
120,163450769.5
121,163277516.3
122,163101756.9
123,162923452.7
124,162742569.2
125,162559075.9
126,162372945.8
127,162184151.9
128,161992654.4
129,161798414.9
130,161601399.7
131,161401579.9
132,161198931.1
133,160993433.1
134,160785065.7
135,160573794.4
136,160359586
137,160142413
138,159922252.9
139,159699088.6
140,159472907.4
141,159243696.6
142,159011428.1
143,158776075.4
144,158537617.8
145,158296040.5
146,158051334
147,157803493.9
148,157552515.5
149,157298378.4
150,157041063.3
151,156780557.6
152,156516854.4
153,156249952.6
154,155979856.4
155,155706570.7
156,155430084.3
157,155150386
158,154867471.3
159,154581341.7
160,154292004.6
161,153999472.8
162,153703761.5
163,153404871.2
164,153102798.9
165,152797548.1
166,152489128.6
167,152177555.9
168,151862850.9
169,151545038.4
170,151224130.4
171,150900132.3
172,150573055.5
173,150242917.6
174,149909741.7
175,149573556.3
176,149234394.4
177,148892279.4
178,148547224.8
179,148199249.6
180,147848378.3
181,147494641.4
182,147138073.9
183,146778715.8
184,146416601
185,146051750.8
186,145684191.1
187,145313952.8
188,144941072.6
189,144565591.3
190,144187554.6
191,143807005.1
192,143423972
193,143038486.9
194,142650586.4
195,142260312.1
196,141867709.8
197,141472829.5
198,141075720.7
199,140676419
200,140274961.2
201,139871388.4
202,139465746.3
203,139058084.4
204,138648456.1
205,138236913.8
206,137823498
207,137408249.2
208,136991212.4
209,136572436.5
210,136151973.9
211,135729880
212,135306209.9
213,134881007.1
214,134454315.8
215,134026183.5
216,133596661.3
217,133165803.3
218,132733666.4
219,132300306.7
220,131865770.3
221,131430103.5
222,130993355.7
223,130555579.1
224,130116828.5
225,129677160.8
226,129236632.6
227,128795291.2
228,128353184.3
229,127910361.9
230,127466876.2
231,127022781.9
232,126578135
233,126132991.3
234,125687398.5
235,125241404.6
236,124795059.2
237,124348413.8
238,123901521.7
239,123454437.4
240,123007214.7
241,122559901
242,122112543.5
243,121665190.7
244,121217892.7
245,120770700.3
246,120323665.6
247,119876840.5
248,119430271.7
249,118984004.9
250,118538086.7
251,118092564.4
252,117647486.3
253,117202901.1
254,116758857.7
255,116315401.2
256,115872575.4
257,115430424
258,114988991.5
259,114548322.8
260,114108462.8
261,113669456.7
262,113231347.3
263,112794175.6
264,112357982.5
265,111922809.2
266,111488696.6
267,111055686
268,110623818.2
269,110193133
270,109763668.4
271,109335462.2
272,108908551.9
273,108482974.9
274,108058768.2
275,107635968.4
276,107214611.5
277,106794732.7
278,106376366.5
279,105959546.7
280,105544307.1
281,105130680.6
282,104718699.8
283,104308396.7
284,103899803.3
285,103492951
286,103087870.3
287,102684591.4
288,102283143.5
289,101883555.2
290,101485854.9
291,101090071.6
292,100696233.7
293,100304368.8
294,99914503.67
295,99526664.39
296,99140876.15
297,98757163.94
298,98375554.19
299,97996072.86
300,97618744.91
301,97243594.44
302,96870644.68
303,96499918
304,96131436.64
305,95765224.94
306,95401306.88
307,95039705.39
308,94680442.44
309,94323539.1
310,93969015.55
311,93616891.95
312,93267191.17
313,92919935.87
314,92575147.57
315,92232846.85
316,91893053.33
317,91555785.76
318,91221062.98
319,90888907.12
320,90559340.23
321,90232383.22
322,89908056.03
323,89586377.69
324,89267366.27
325,88951040.18
326,88637421.58
327,88326532.72
328,88018394.75
329,87713027.84
330,87410451.21
331,87110683.18
332,86813742.36
333,86519651.66
334,86228434.4
335,85940112.83
336,85654708.21
337,85372240.86
338,85092730.18
339,84816195.49
340,84542660.66
341,84272151
342,84004690.75
343,83740303.13
344,83479010.42
345,83220833.98
346,82965794.71
347,82713918.01
348,82465231.93
349,82219763.52
350,81977538.75
351,81738582.6
352,81502919.07
353,81270571.45
354,81041567.05
355,80815937.23
356,80593712.47
357,80374922.1
358,80159594.3
359,79947756.24
360,79739434.1
361,79534657.28
362,79333460.73
363,79135878.69
364,78941944.11
365,78751688.65
366,78565142.76
367,78382335.71
368,78203298.93
369,78028070.66
370,77856688.9
371,77689190.08
372,77525609.15
373,77365979.57
374,77210333.38
375,77058703.59
376,76911130.87
377,76767656.4
378,76628319.47
379,76493157.52
380,76362206.2
381,76235499.41
382,76113071.82
383,75994966.17
384,75881225.45
385,75771890.35
386,75666999.25
387,75566588.32
388,75470691.49
389,75379343.28
390,75292586.46
391,75210463.69
392,75133014.79
393,75060276.73
394,74992283.71
395,74929067.18
396,74870658.7
397,74817098.25
398,74768425.15
399,74724675.22
400,74685880.79
401,74652070.73
402,74623270.54
403,74599505.29
404,74580808.33
405,74567211.75
406,74558743.36
407,74555426.71
408,74557281.16
409,74564321.91
410,74576563.13
411,74594026.9
412,74616733.32
413,74644697.35
414,74677928.86
415,74716432.73
416,74760208.85
417,74809255.35
418,74863577.73
419,74923178.7
420,74988054.97
421,75058197.31
422,75133590.67
423,75214214.22
424,75300043.62
425,75391061.09
426,75487246.48
427,75588572.84
428,75695006.49
429,75806507.23
430,75923028.36
431,76044518
432,76170929.17
433,76302213.82
434,76438316.52
435,76579174.57
436,76724718.2
437,76874870.71
438,77029549.15
439,77188673.31
440,77352163.48
441,77519932.39
442,77691885.37
443,77867920.53
444,78047928.98
445,78231795.29
446,78419404.61
447,78610644.15
448,78805394.18
449,79003527.9
450,79204911.72
451,79409405.63
452,79616863.49
453,79827138.27
454,80040086.4
455,80255558.87
456,80473400.63
457,80693451.06
458,80915544.34
459,81139509.89
460,81365175.8
461,81592374.82
462,81820936.76
463,82050687.26
464,82281448.35
465,82513039.02
466,82745275.7
467,82977974.73
468,83210958.31
469,83444048.51
470,83677066.03
471,83909830.78
472,84142162.57
473,84373881.7
474,84604811.09
475,84834781.05
476,85063624.84
477,85291177.86
478,85517278.34
479,85741768.09
480,85964493.15
481,86185305.55
482,86404066.8
483,86620645.04
484,86834914.67
485,87046757.2
486,87256061.94
487,87462726.75
488,87666659.33
489,87867779.39
490,88066017.39
491,88261314.78
492,88453624.75
493,88642913.01
494,88829158.59
495,89012354.66
496,89192509.36
497,89369646.22
498,89543804.93
499,89715014.68
500,89883208.02
501,90048295.47
502,90210191.84
503,90368815.36
504,90524089.29
505,90675937.96
506,90824271.7
507,90969000.74
508,91110040.3
509,91247310.29
510,91380733.04
511,91510236.33
512,91635749.75
513,91757189.05
514,91874470.48
515,91987516.05
516,92096253.2
517,92200611.2
518,92300524.42
519,92395930.38
520,92486753.18
521,92572917.25
522,92654353.44
523,92730998.88
524,92802792.46
525,92869677.25
526,92931602.06
527,92988503.86
528,93040317.58
529,93086985.06
530,93128455.24
531,93164679.3
532,93195611.38
533,93221213.04
534,93241436.75
535,93256230.14
536,93265548.03
537,93269352.83
538,93267610.29
539,93260287.73
540,93247360.72
541,93228799.23
542,93204565.61
543,93174629.19
544,93138967.24
545,93097561.65
546,93050394.69
547,92997456.91
548,92938737
549,92874213.71
550,92803872.06
551,92727705.08
552,92645711.63
553,92557890.3
554,92464247.18
555,92364790
556,92259515.27
557,92148424.29
558,92031526.35
559,91908836.58
560,91780369.66
561,91646147.48
562,91506196.38
563,91360531.44
564,91209170.51
565,91052139.12
566,90889468.38
567,90721188.86
568,90547337.95
569,90367957.32
570,90183078.03
571,89992733.72
572,89796965.26
573,89595818.68
574,89389339.28
575,89177578.61
576,88960592.26
577,88738425.93
578,88511127.68
579,88278752.16
580,88041358.58
581,87799005.13
582,87551755.56
583,87299677.22
584,87042828.57
585,86781270.1
586,86515068.07
587,86244292.65
588,85969012.53
589,85689301.08
590,85405234.84
591,85116882.63
592,84824314.95
593,84527607.2
594,84226837.83
595,83922083.31
596,83613423.81
597,83300942.15
598,82984714.87
599,82664819.88
600,82341339
601,82014356.6
602,81683954.51
603,81350216.69
604,81013229.27
605,80673073.79
606,80329832.84
607,79983591.94
608,79634438.66
609,79282457.78
610,78927734.21
611,78570354.97
612,78210404.43
613,77847967.35
614,77483130.38
615,77115981.6
616,76746606.17
617,76375087.52
618,76001510.62
619,75625959.89
620,75248519.91
621,74869276.23
622,74488315
623,74105719.51
624,73721569.62
625,73335945.72
626,72948929.21
627,72560602.41
628,72171047.77
629,71780347.54
630,71388581.13
631,70995823.15
632,70602147.47
633,70207629.71
634,69812348.01
635,69416380.06
636,69019802.59
637,68622689.48
638,68225108.77
639,67827126.45
640,67428810.05
641,67030231.81
642,66631463.29
643,66232574.44
644,65833632.11
645,65434696.75
646,65035825.57
647,64637076.37
648,64238513.83
649,63840202.41
650,63442204.36
651,63044578.3
652,62647376.04
653,62250645.56
654,61854434.61
655,61458799.54
656,61063797.08
657,60669481.32
658,60275902.29
659,59883102.88
660,59491121.66
661,59099996.97
662,58709777.14
663,58320511.01
664,57932244.44
665,57545018.93
666,57158868.58
667,56773822.88
668,56389911.05
669,56007173.5
670,55625651.34
671,55245382.4
672,54866400.02
673,54488729.97
674,54112393.2
675,53737410.43
676,53363814.55
677,52991639.28
678,52620915
679,52251667.46
680,51883914.79
681,51517670.22
682,51152946.86
683,50789770.67
684,50428168.65
685,50068164.46
686,49709777.11
687,49353018.02
688,48997893.72
689,48644410.77
690,48292589.09
691,47942449.83
692,47594010.88
693,47247285.96
694,46902281.38
695,46558998.13
696,46217437.11
697,45877612.87
698,45539541.64
699,45203236.58
700,44868707.18
701,44535955.92
702,44204979.59
703,43875773.38
704,43548345.29
705,43222707.46
706,42898869.27
707,42576836.8
708,42256609.87
709,41938182.19
710,41621544.98
711,41306700.33
712,40993657.12
713,40682421.85
714,40372998.16
715,40065384.27
716,39759572.01
717,39455550.21
718,39153316.08
719,38852875.94
720,38554234.35
721,38257393.39
722,37962350.69
723,37669097.3
724,37377621.12
725,37087915.71
726,36799985.43
727,36513833.77
728,36229462.06
729,35946868.12
730,35666043.31
731,35386975.72
732,35109656.68
733,34834089.01
734,34560275.85
735,34288218.51
736,34017915.26
737,33749358.33
738,33482536.89
739,33217441.45
740,32954073.71
741,32692437.01
742,32432533.2
743,32174361.43
744,31917915.21
745,31663185.38
746,31410163.96
747,31158853.24
748,30909257.36
749,30661365.53
750,30415113.14
751,30170426.38
752,29927236.01
753,29685479.55
754,29445109.25
755,29206084.21
756,28968367.47
757,28731925.57
758,28496728.23
759,28262747.9
760,28029961.76
761,27798358.78
762,27567932.8
763,27338679.97
764,27110598.39
765,26883687.88
766,26657949.56
767,26433387.67
768,26210015.68
769,25987850.28
770,25766909.16
771,25547210.74
772,25328773.94
773,25111617.89
774,24895763.44
775,24681238.45
776,24468072.63
777,24256295.64
778,24045936.9
779,23837025.33
780,23629589.2
781,23423657.36
782,23219263.8
783,23016443.24
784,22815229.56
785,22615655.6
786,22417753.04
787,22221552.2
788,22027082.85
789,21834378.24
790,21643471.88
791,21454395.88
792,21267180.78
793,21081855.49
794,20898447.18
795,20716981.49
796,20537486.08
797,20359988.86
798,20184515.96
799,20011091.71
800,19839738.55
801,19670476.96
802,19503325.48
803,19338303.39
804,19175430.26
805,19014723.87
806,18856200.04
807,18699872.7
808,18545753.77
809,18393853.15
810,18244180.55
811,18096746.05
812,17951557.99
813,17808622.9
814,17667945.51
815,17529528.68
816,17393373.32
817,17259479.63
818,17127848.13
819,16998477.91
820,16871366.45
821,16746509.59
822,16623901.6
823,16503535.03
824,16385401.42
825,16269492.59
826,16155799.28
827,16044310.84
828,15935015.33
829,15827899.53
830,15722948.78
831,15620147.47
832,15519480.1
833,15420930.4
834,15324481.04
835,15230113.71
836,15137809.16
837,15047547.06
838,14959306.32
839,14873065.8
840,14788803.78
841,14706497.83
842,14626124.87
843,14547661.19
844,14471082.39
845,14396363.52
846,14323479.36
847,14252404.33
848,14183112.43
849,14115577.35
850,14049772.49
851,13985670.93
852,13923245.34
853,13862467.93
854,13803310.66
855,13745745.4
856,13689744.03
857,13635278.46
858,13582320.59
859,13530842.12
860,13480813.91
861,13432206.77
862,13384991.66
863,13339139.83
864,13294622.9
865,13251412.79
866,13209481.32
867,13168799.13
868,13129336.85
869,13091065.59
870,13053956.96
871,13017983.22
872,12983117.26
873,12949331.95
874,12916598.56
875,12884888.37
876,12854173.38
877,12824426.37
878,12795620.99
879,12767731.79
880,12740733.71
881,12714599.74
882,12689302.53
883,12664815.63
884,12641113.62
885,12618172.14
886,12595968.01
887,12574478.84
888,12553680.19
889,12533546.64
890,12514053.82
891,12495178.61
892,12476899.14
893,12459194.92
894,12442046.66
895,12425433.21
896,12409331.57
897,12393719.9
898,12378577.71
899,12363886.01
900,12349627.35
901,12335785.79
902,12322344.04
903,12309282
904,12296580.62
905,12284222.39
906,12272191.42
907,12260473.54
908,12249056.34
909,12237926.78
910,12227068.06
911,12216464.18
912,12206100.79
913,12195965.3
914,12186046.98
915,12176336.99
916,12166826.74
917,12157503.16
918,12148353.46
919,12139366.59
920,12130533.36
921,12121846.53
922,12113300.89
923,12104891.7
924,12096609.35
925,12088444.24
926,12080388.6
927,12072436.57
928,12064584.31
929,12056830.11
930,12049172.64
931,12041605.46
932,12034122.05
933,12026717.73
934,12019389.76
935,12012137.47
936,12004962.31
937,11997866.15
938,11990845.42
939,11983896.47
940,11977017.45
941,11970208.44
942,11963471.57
943,11956811.08
944,11950231.59
945,11943732.13
946,11937311.56
947,11930970.51
948,11924711.48
949,11918538.96
950,11912459.5
951,11906479.94
952,11900601.51
953,11894825.18
954,11889153.61
955,11883591.24
956,11878144.37
957,11872821.28
958,11867630.47
959,11862574.87
960,11857657.07
961,11852881.24
962,11848253.17
963,11843780.4
964,11839472.29
965,11835338.67
966,11831384.05
967,11827612.17
968,11824028.14
969,11820638.59
970,11817451.68
971,11814477.24
972,11811726.03
973,11809204.23
974,11806916.26
975,11804867.76
976,11803065.63
977,11801518.19
978,11800235.16
979,11799227.42
980,11798502.31
981,11798064.54
982,11797919.75
983,11798074.72
984,11798537.34
985,11799316.78
986,11800423.3
987,11801864.74
988,11803645.75
989,11805771.56
990,11808248.32
991,11811083.13
992,11814284.07
993,11817860.24
994,11821819.31
995,11826165.49
996,11830903.25
997,11836037.74
998,11841574.84
999,11847521.23
1000,11853884.39
1001,11860671.14
1002,11867885.02
1003,11875529.37
1004,11883608.06
1005,11892125.51
1006,11901086.7
1007,11910497.21
1008,11920362.42
1009,11930684.86
1010,11941466.55
1011,11952709.88
1012,11964417.59
1013,11976592.84
1014,11989239.19
1015,12002359.96
1016,12015956.17
1017,12030028.34
1018,12044577.24
1019,12059603.84
1020,12075109.37
1021,12091095.34
1022,12107563
1023,12124511.75
1024,12141940.61
1025,12159848.67
1026,12178235.15
1027,12197099.44
1028,12216441.04
1029,12236259.25
1030,12256551.93
1031,12277316.6
1032,12298550.79
1033,12320252.09
1034,12342418.2
1035,12365046.84
1036,12388135.58
1037,12411680.86
1038,12435678.84
1039,12460125.65
1040,12485017.49
1041,12510350.58
1042,12536121.19
1043,12562325.43
1044,12588958.52
1045,12616015.43
1046,12643491.14
1047,12671380.66
1048,12699679.06
1049,12728381.45
1050,12757482.83
1051,12786977.38
1052,12816859.09
1053,12847121.96
1054,12877760.08
1055,12908767.62
1056,12940138.86
1057,12971868.05
1058,13003948.63
1059,13036373.77
1060,13069136.72
1061,13102230.84
1062,13135649.64
1063,13169386.82
1064,13203436.16
1065,13237790.64
1066,13272442.73
1067,13307385.09
1068,13342610.52
1069,13378112.06
1070,13413883.03
1071,13449916.94
1072,13486206.53
1073,13522743.77
1074,13559520.79
1075,13596530.02
1076,13633764.15
1077,13671216.25
1078,13708879.74
1079,13746747.35
1080,13784810.69
1081,13823061.55
1082,13861492.05
1083,13900094.7
1084,13938862.46
1085,13977788.75
1086,14016866.57
1087,14056087.37
1088,14095442.71
1089,14134924.58
1090,14174525.44
1091,14214238.28
1092,14254056.69
1093,14293974.11
1094,14333982.12
1095,14374072.25
1096,14414236.51
1097,14454467.48
1098,14494758.39
1099,14535103.1
1100,14575495.56
1101,14615927.57
1102,14656390.79
1103,14696877.43
1104,14737380.37
1105,14777893.19
1106,14818410.26
1107,14858926.01
1108,14899432.53
1109,14939921.73
1110,14980386.22
1111,15020819.28
1112,15061215.03
1113,15101568.43
1114,15141874.57
1115,15182125.95
1116,15222314.95
1117,15262434.64
1118,15302478.92
1119,15342442.55
1120,15382321.24
1121,15422110.82
1122,15461804.4
1123,15501394.92
1124,15540876.12
1125,15580242.61
1126,15619489.93
1127,15658614.64
1128,15697613.45
1129,15736480.18
1130,15775208.5
1131,15813792.93
1132,15852228.89
1133,15890512.82
1134,15928642.23
1135,15966614.76
1136,16004425.07
1137,16042067.67
1138,16079537.94
1139,16116832.22
1140,16153947.89
1141,16190883.44
1142,16227637.66
1143,16264206.28
1144,16300584.71
1145,16336769.28
1146,16372757.29
1147,16408547.11
1148,16444138.25
1149,16479530.91
1150,16514722.42
1151,16549709.22
1152,16584488.66
1153,16619059.08
1154,16653419.89
1155,16687571.64
1156,16721515.83
1157,16755251.56
1158,16788776.37
1159,16822088.66
1160,16855187.81
1161,16888074.27
1162,16920749.59
1163,16953216.44
1164,16985475.7
1165,17017526.04
1166,17049366.9
1167,17080998.67
1168,17112422.73
1169,17143641.59
1170,17174658.86
1171,17205477.08
1172,17236096.11
1173,17266516.31
1174,17296738.96
1175,17326766.31
1176,17356601.64
1177,17386249.31
1178,17415713.26
1179,17444994.49
1180,17474094.19
1181,17503014.38
1182,17531758
1183,17560328.92
1184,17588732.03
1185,17616972.31
1186,17645051.83
1187,17672972.44
1188,17700736.78
1189,17728348.25
1190,17755811.13
1191,17783130.61
1192,17810311.91
1193,17837357.56
1194,17864269.85
1195,17891051.71
1196,17917706.81
1197,17944239.52
1198,17970655.04
1199,17996958.54
1200,18023152.77
1201,18049240.18
1202,18075223.81
1203,18101107.28
1204,18126894.84
1205,18152591.37
1206,18178201.77
1207,18203728.74
1208,18229174.7
1209,18254542.56
1210,18279835.69
1211,18305057.93
1212,18330213.7
1213,18355307.34
1214,18380341.33
1215,18405317.89
1216,18430239.59
1217,18455109.36
1218,18479930.54
1219,18504706.82
1220,18529441.87
1221,18554137.79
1222,18578796.46
1223,18603419.99
1224,18628010.77
1225,18652571.46
1226,18677104.98
1227,18701614.22
1228,18726100.8
1229,18750566.17
1230,18775011.93
1231,18799439.84
1232,18823851.84
1233,18848250.07
1234,18872636.67
1235,18897012.89
1236,18921379.71
1237,18945738.23
1238,18970089.6
1239,18994435.11
1240,19018776.13
1241,19043114.09
1242,19067449.87
1243,19091784.05
1244,19116117.26
1245,19140450.16
1246,19164783.45